{"Enters":2,"Weights":[[[-1.0883868425276355,1.0875926786613381],[2.6173214670594773,-2.6269274046293396]],[[1.8874134036672359,-0.6709255941906176],[0.22216465864425877,-1.2822249481075112],[-2.540071819835758,0.5916222841969003],[2.378995438424035,-0.6028140751655818],[-2.4615209852654028,0.6632468549417634],[-1.7711697155055843,0.6903196691248866],[-0.12804691340998878,-0.599385072724228],[4.317317424817427,-7.306603824330983],[1.687889405939771,-1.0630418890848523],[-0.0037892461457400524,0.8552963546921809]],[[-2.2157829938114975,-0.8903323805912726,3.480993317555462,-2.9299273672487587,3.820570675628318,2.4009509173204022,-0.06251682495499458,-7.529739774943703,-2.66691050890288,0.7208225116905032]]]}